fromId,toId,type,source
file:solution-intelligence:sig/scripts/feature-gap-audit.ts,repo:solution-intelligence,LIVES_IN,sig-build/inventory.mts
cs_2026.file:solution-intelligence:sig/scripts/feature-gap-audit.ts,file:solution-intelligence:sig/scripts/feature-gap-audit.ts,REALIZES_FORM,sig-build/inventory.mts
file:solution-intelligence:sig/scripts/ingest.ts,repo:solution-intelligence,LIVES_IN,sig-build/inventory.mts
cs_2026.file:solution-intelligence:sig/scripts/ingest.ts,file:solution-intelligence:sig/scripts/ingest.ts,REALIZES_FORM,sig-build/inventory.mts
file:solution-intelligence:sig/scripts/query.ts,repo:solution-intelligence,LIVES_IN,sig-build/inventory.mts
cs_2026.file:solution-intelligence:sig/scripts/query.ts,file:solution-intelligence:sig/scripts/query.ts,REALIZES_FORM,sig-build/inventory.mts
file:solution-intelligence:sig-build/inventory.mts,repo:solution-intelligence,LIVES_IN,sig-build/inventory.mts
cs_2026.file:solution-intelligence:sig-build/inventory.mts,file:solution-intelligence:sig-build/inventory.mts,REALIZES_FORM,sig-build/inventory.mts
file:solution-intelligence:sig-build/load/loaders/csv-loader.ts,repo:solution-intelligence,LIVES_IN,sig-build/inventory.mts
cs_2026.file:solution-intelligence:sig-build/load/loaders/csv-loader.ts,file:solution-intelligence:sig-build/load/loaders/csv-loader.ts,REALIZES_FORM,sig-build/inventory.mts
file:solution-intelligence:sig-build/load/loaders/csv-loader.ts,fn:solution-intelligence:sig-build/load/loaders/csv-loader.ts:parseCsv,DECLARES,sig-build/inventory.mts:49
cs_2026.fn:solution-intelligence:sig-build/load/loaders/csv-loader.ts:parseCsv,fn:solution-intelligence:sig-build/load/loaders/csv-loader.ts:parseCsv,REALIZES_FORM,sig-build/inventory.mts
fn:solution-intelligence:sig-build/load/loaders/csv-loader.ts:parseCsv,af:solution-intelligence:sig-build/load/loaders/csv-loader.ts:parseCsv:guard,HAS_ALT_FLOW,sig-build/inventory.mts
cs_2026.early_return:solution-intelligence:sig-build/load/loaders/csv-loader.ts:parseCsv:guard,af:solution-intelligence:sig-build/load/loaders/csv-loader.ts:parseCsv:guard,REALIZES_FORM,sig-build/inventory.mts
file:solution-intelligence:sig-build/load/loaders/csv-loader.ts,fn:solution-intelligence:sig-build/load/loaders/csv-loader.ts:readCsv,DECLARES,sig-build/inventory.mts:105
cs_2026.fn:solution-intelligence:sig-build/load/loaders/csv-loader.ts:readCsv,fn:solution-intelligence:sig-build/load/loaders/csv-loader.ts:readCsv,REALIZES_FORM,sig-build/inventory.mts
fn:solution-intelligence:sig-build/load/loaders/csv-loader.ts:readCsv,co:solution-intelligence:sig-build/load/loaders/csv-loader.ts:readCsv:fs,EMITS_CALLOUT,sig-build/inventory.mts
cs_2026.fs_call:solution-intelligence:sig-build/load/loaders/csv-loader.ts:readCsv:fs,co:solution-intelligence:sig-build/load/loaders/csv-loader.ts:readCsv:fs,REALIZES_FORM,sig-build/inventory.mts
file:solution-intelligence:sig-build/load/loaders/csv-loader.ts,fn:solution-intelligence:sig-build/load/loaders/csv-loader.ts:LoadCounter.warn,DECLARES,sig-build/inventory.mts:120
cs_2026.fn:solution-intelligence:sig-build/load/loaders/csv-loader.ts:LoadCounter.warn,fn:solution-intelligence:sig-build/load/loaders/csv-loader.ts:LoadCounter.warn,REALIZES_FORM,sig-build/inventory.mts
file:solution-intelligence:sig-build/load/loaders/csv-loader.ts,fn:solution-intelligence:sig-build/load/loaders/csv-loader.ts:LoadCounter.summary,DECLARES,sig-build/inventory.mts:125
cs_2026.fn:solution-intelligence:sig-build/load/loaders/csv-loader.ts:LoadCounter.summary,fn:solution-intelligence:sig-build/load/loaders/csv-loader.ts:LoadCounter.summary,REALIZES_FORM,sig-build/inventory.mts
file:solution-intelligence:sig-build/load/loaders/csv-loader.ts,fn:solution-intelligence:sig-build/load/loaders/csv-loader.ts:isDuplicateError,DECLARES,sig-build/inventory.mts:139
cs_2026.fn:solution-intelligence:sig-build/load/loaders/csv-loader.ts:isDuplicateError,fn:solution-intelligence:sig-build/load/loaders/csv-loader.ts:isDuplicateError,REALIZES_FORM,sig-build/inventory.mts
fn:solution-intelligence:sig-build/load/loaders/csv-loader.ts:isDuplicateError,af:solution-intelligence:sig-build/load/loaders/csv-loader.ts:isDuplicateError:guard,HAS_ALT_FLOW,sig-build/inventory.mts
cs_2026.early_return:solution-intelligence:sig-build/load/loaders/csv-loader.ts:isDuplicateError:guard,af:solution-intelligence:sig-build/load/loaders/csv-loader.ts:isDuplicateError:guard,REALIZES_FORM,sig-build/inventory.mts
file:solution-intelligence:sig-build/load/loaders/feature-deps.ts,repo:solution-intelligence,LIVES_IN,sig-build/inventory.mts
cs_2026.file:solution-intelligence:sig-build/load/loaders/feature-deps.ts,file:solution-intelligence:sig-build/load/loaders/feature-deps.ts,REALIZES_FORM,sig-build/inventory.mts
file:solution-intelligence:sig-build/load/loaders/features.ts,repo:solution-intelligence,LIVES_IN,sig-build/inventory.mts
cs_2026.file:solution-intelligence:sig-build/load/loaders/features.ts,file:solution-intelligence:sig-build/load/loaders/features.ts,REALIZES_FORM,sig-build/inventory.mts
file:solution-intelligence:sig-build/load/loaders/repos.ts,repo:solution-intelligence,LIVES_IN,sig-build/inventory.mts
cs_2026.file:solution-intelligence:sig-build/load/loaders/repos.ts,file:solution-intelligence:sig-build/load/loaders/repos.ts,REALIZES_FORM,sig-build/inventory.mts
file:solution-intelligence:sig-build/load/loaders/requirements.ts,repo:solution-intelligence,LIVES_IN,sig-build/inventory.mts
cs_2026.file:solution-intelligence:sig-build/load/loaders/requirements.ts,file:solution-intelligence:sig-build/load/loaders/requirements.ts,REALIZES_FORM,sig-build/inventory.mts
file:solution-intelligence:sig-build/load/loaders/use-cases.ts,repo:solution-intelligence,LIVES_IN,sig-build/inventory.mts
cs_2026.file:solution-intelligence:sig-build/load/loaders/use-cases.ts,file:solution-intelligence:sig-build/load/loaders/use-cases.ts,REALIZES_FORM,sig-build/inventory.mts
file:polygraph-viz:src/cli.ts,repo:polygraph-viz,LIVES_IN,sig-build/inventory.mts
cs_2026.file:polygraph-viz:src/cli.ts,file:polygraph-viz:src/cli.ts,REALIZES_FORM,sig-build/inventory.mts
file:polygraph-viz:src/client/main.ts,repo:polygraph-viz,LIVES_IN,sig-build/inventory.mts
cs_2026.file:polygraph-viz:src/client/main.ts,file:polygraph-viz:src/client/main.ts,REALIZES_FORM,sig-build/inventory.mts
file:polygraph-viz:src/client/ui/chat.ts,repo:polygraph-viz,LIVES_IN,sig-build/inventory.mts
cs_2026.file:polygraph-viz:src/client/ui/chat.ts,file:polygraph-viz:src/client/ui/chat.ts,REALIZES_FORM,sig-build/inventory.mts
file:polygraph-viz:src/client/ui/chat.ts,fn:polygraph-viz:src/client/ui/chat.ts:installChat,DECLARES,sig-build/inventory.mts:150
cs_2026.fn:polygraph-viz:src/client/ui/chat.ts:installChat,fn:polygraph-viz:src/client/ui/chat.ts:installChat,REALIZES_FORM,sig-build/inventory.mts
fn:polygraph-viz:src/client/ui/chat.ts:installChat,af:polygraph-viz:src/client/ui/chat.ts:installChat:guard,HAS_ALT_FLOW,sig-build/inventory.mts
cs_2026.early_return:polygraph-viz:src/client/ui/chat.ts:installChat:guard,af:polygraph-viz:src/client/ui/chat.ts:installChat:guard,REALIZES_FORM,sig-build/inventory.mts
fn:polygraph-viz:src/client/ui/chat.ts:installChat,af:polygraph-viz:src/client/ui/chat.ts:installChat:guard-2,HAS_ALT_FLOW,sig-build/inventory.mts
cs_2026.early_return:polygraph-viz:src/client/ui/chat.ts:installChat:guard-2,af:polygraph-viz:src/client/ui/chat.ts:installChat:guard-2,REALIZES_FORM,sig-build/inventory.mts
fn:polygraph-viz:src/client/ui/chat.ts:installChat,af:polygraph-viz:src/client/ui/chat.ts:installChat:try,HAS_ALT_FLOW,sig-build/inventory.mts
cs_2026.try_catch:polygraph-viz:src/client/ui/chat.ts:installChat:try,af:polygraph-viz:src/client/ui/chat.ts:installChat:try,REALIZES_FORM,sig-build/inventory.mts
fn:polygraph-viz:src/client/ui/chat.ts:installChat,co:polygraph-viz:src/client/ui/chat.ts:installChat:http,EMITS_CALLOUT,sig-build/inventory.mts
cs_2026.fetch_call:polygraph-viz:src/client/ui/chat.ts:installChat:http,co:polygraph-viz:src/client/ui/chat.ts:installChat:http,REALIZES_FORM,sig-build/inventory.mts
fn:polygraph-viz:src/client/ui/chat.ts:installChat,af:polygraph-viz:src/client/ui/chat.ts:installChat:guard-3,HAS_ALT_FLOW,sig-build/inventory.mts
cs_2026.early_return:polygraph-viz:src/client/ui/chat.ts:installChat:guard-3,af:polygraph-viz:src/client/ui/chat.ts:installChat:guard-3,REALIZES_FORM,sig-build/inventory.mts
fn:polygraph-viz:src/client/ui/chat.ts:installChat,af:polygraph-viz:src/client/ui/chat.ts:installChat:try-2,HAS_ALT_FLOW,sig-build/inventory.mts
cs_2026.try_catch:polygraph-viz:src/client/ui/chat.ts:installChat:try-2,af:polygraph-viz:src/client/ui/chat.ts:installChat:try-2,REALIZES_FORM,sig-build/inventory.mts
fn:polygraph-viz:src/client/ui/chat.ts:installChat,co:polygraph-viz:src/client/ui/chat.ts:installChat:http-2,EMITS_CALLOUT,sig-build/inventory.mts
cs_2026.fetch_call:polygraph-viz:src/client/ui/chat.ts:installChat:http-2,co:polygraph-viz:src/client/ui/chat.ts:installChat:http-2,REALIZES_FORM,sig-build/inventory.mts
fn:polygraph-viz:src/client/ui/chat.ts:installChat,af:polygraph-viz:src/client/ui/chat.ts:installChat:try-3,HAS_ALT_FLOW,sig-build/inventory.mts
cs_2026.try_catch:polygraph-viz:src/client/ui/chat.ts:installChat:try-3,af:polygraph-viz:src/client/ui/chat.ts:installChat:try-3,REALIZES_FORM,sig-build/inventory.mts
fn:polygraph-viz:src/client/ui/chat.ts:installChat,af:polygraph-viz:src/client/ui/chat.ts:installChat:try-4,HAS_ALT_FLOW,sig-build/inventory.mts
cs_2026.try_catch:polygraph-viz:src/client/ui/chat.ts:installChat:try-4,af:polygraph-viz:src/client/ui/chat.ts:installChat:try-4,REALIZES_FORM,sig-build/inventory.mts
fn:polygraph-viz:src/client/ui/chat.ts:installChat,af:polygraph-viz:src/client/ui/chat.ts:installChat:try-5,HAS_ALT_FLOW,sig-build/inventory.mts
cs_2026.try_catch:polygraph-viz:src/client/ui/chat.ts:installChat:try-5,af:polygraph-viz:src/client/ui/chat.ts:installChat:try-5,REALIZES_FORM,sig-build/inventory.mts
fn:polygraph-viz:src/client/ui/chat.ts:installChat,af:polygraph-viz:src/client/ui/chat.ts:installChat:guard-4,HAS_ALT_FLOW,sig-build/inventory.mts
cs_2026.early_return:polygraph-viz:src/client/ui/chat.ts:installChat:guard-4,af:polygraph-viz:src/client/ui/chat.ts:installChat:guard-4,REALIZES_FORM,sig-build/inventory.mts
file:polygraph-viz:src/client/ui/command-palette.ts,repo:polygraph-viz,LIVES_IN,sig-build/inventory.mts
cs_2026.file:polygraph-viz:src/client/ui/command-palette.ts,file:polygraph-viz:src/client/ui/command-palette.ts,REALIZES_FORM,sig-build/inventory.mts
file:polygraph-viz:src/client/ui/command-palette.ts,fn:polygraph-viz:src/client/ui/command-palette.ts:installCommandPalette,DECLARES,sig-build/inventory.mts:96
cs_2026.fn:polygraph-viz:src/client/ui/command-palette.ts:installCommandPalette,fn:polygraph-viz:src/client/ui/command-palette.ts:installCommandPalette,REALIZES_FORM,sig-build/inventory.mts
fn:polygraph-viz:src/client/ui/command-palette.ts:installCommandPalette,af:polygraph-viz:src/client/ui/command-palette.ts:installCommandPalette:guard,HAS_ALT_FLOW,sig-build/inventory.mts
cs_2026.early_return:polygraph-viz:src/client/ui/command-palette.ts:installCommandPalette:guard,af:polygraph-viz:src/client/ui/command-palette.ts:installCommandPalette:guard,REALIZES_FORM,sig-build/inventory.mts
fn:polygraph-viz:src/client/ui/command-palette.ts:installCommandPalette,af:polygraph-viz:src/client/ui/command-palette.ts:installCommandPalette:guard-2,HAS_ALT_FLOW,sig-build/inventory.mts
cs_2026.early_return:polygraph-viz:src/client/ui/command-palette.ts:installCommandPalette:guard-2,af:polygraph-viz:src/client/ui/command-palette.ts:installCommandPalette:guard-2,REALIZES_FORM,sig-build/inventory.mts
fn:polygraph-viz:src/client/ui/command-palette.ts:installCommandPalette,af:polygraph-viz:src/client/ui/command-palette.ts:installCommandPalette:guard-3,HAS_ALT_FLOW,sig-build/inventory.mts
cs_2026.early_return:polygraph-viz:src/client/ui/command-palette.ts:installCommandPalette:guard-3,af:polygraph-viz:src/client/ui/command-palette.ts:installCommandPalette:guard-3,REALIZES_FORM,sig-build/inventory.mts
fn:polygraph-viz:src/client/ui/command-palette.ts:installCommandPalette,af:polygraph-viz:src/client/ui/command-palette.ts:installCommandPalette:guard-4,HAS_ALT_FLOW,sig-build/inventory.mts
cs_2026.early_return:polygraph-viz:src/client/ui/command-palette.ts:installCommandPalette:guard-4,af:polygraph-viz:src/client/ui/command-palette.ts:installCommandPalette:guard-4,REALIZES_FORM,sig-build/inventory.mts
fn:polygraph-viz:src/client/ui/command-palette.ts:installCommandPalette,af:polygraph-viz:src/client/ui/command-palette.ts:installCommandPalette:guard-5,HAS_ALT_FLOW,sig-build/inventory.mts
cs_2026.early_return:polygraph-viz:src/client/ui/command-palette.ts:installCommandPalette:guard-5,af:polygraph-viz:src/client/ui/command-palette.ts:installCommandPalette:guard-5,REALIZES_FORM,sig-build/inventory.mts
fn:polygraph-viz:src/client/ui/command-palette.ts:installCommandPalette,af:polygraph-viz:src/client/ui/command-palette.ts:installCommandPalette:try,HAS_ALT_FLOW,sig-build/inventory.mts
cs_2026.try_catch:polygraph-viz:src/client/ui/command-palette.ts:installCommandPalette:try,af:polygraph-viz:src/client/ui/command-palette.ts:installCommandPalette:try,REALIZES_FORM,sig-build/inventory.mts
file:polygraph-viz:src/client/ui/commands.ts,repo:polygraph-viz,LIVES_IN,sig-build/inventory.mts
cs_2026.file:polygraph-viz:src/client/ui/commands.ts,file:polygraph-viz:src/client/ui/commands.ts,REALIZES_FORM,sig-build/inventory.mts
file:polygraph-viz:src/client/ui/commands.ts,fn:polygraph-viz:src/client/ui/commands.ts:exampleForArg,DECLARES,sig-build/inventory.mts:56
cs_2026.fn:polygraph-viz:src/client/ui/commands.ts:exampleForArg,fn:polygraph-viz:src/client/ui/commands.ts:exampleForArg,REALIZES_FORM,sig-build/inventory.mts
file:polygraph-viz:src/client/ui/commands.ts,fn:polygraph-viz:src/client/ui/commands.ts:parseCommand,DECLARES,sig-build/inventory.mts:409
cs_2026.fn:polygraph-viz:src/client/ui/commands.ts:parseCommand,fn:polygraph-viz:src/client/ui/commands.ts:parseCommand,REALIZES_FORM,sig-build/inventory.mts
fn:polygraph-viz:src/client/ui/commands.ts:parseCommand,af:polygraph-viz:src/client/ui/commands.ts:parseCommand:guard,HAS_ALT_FLOW,sig-build/inventory.mts
cs_2026.early_return:polygraph-viz:src/client/ui/commands.ts:parseCommand:guard,af:polygraph-viz:src/client/ui/commands.ts:parseCommand:guard,REALIZES_FORM,sig-build/inventory.mts
fn:polygraph-viz:src/client/ui/commands.ts:parseCommand,af:polygraph-viz:src/client/ui/commands.ts:parseCommand:guard-2,HAS_ALT_FLOW,sig-build/inventory.mts
cs_2026.early_return:polygraph-viz:src/client/ui/commands.ts:parseCommand:guard-2,af:polygraph-viz:src/client/ui/commands.ts:parseCommand:guard-2,REALIZES_FORM,sig-build/inventory.mts
file:polygraph-viz:src/client/ui/commands.ts,fn:polygraph-viz:src/client/ui/commands.ts:filterCommands,DECLARES,sig-build/inventory.mts:423
cs_2026.fn:polygraph-viz:src/client/ui/commands.ts:filterCommands,fn:polygraph-viz:src/client/ui/commands.ts:filterCommands,REALIZES_FORM,sig-build/inventory.mts
fn:polygraph-viz:src/client/ui/commands.ts:filterCommands,af:polygraph-viz:src/client/ui/commands.ts:filterCommands:guard,HAS_ALT_FLOW,sig-build/inventory.mts
cs_2026.early_return:polygraph-viz:src/client/ui/commands.ts:filterCommands:guard,af:polygraph-viz:src/client/ui/commands.ts:filterCommands:guard,REALIZES_FORM,sig-build/inventory.mts
file:polygraph-viz:src/client/ui/inspector.ts,repo:polygraph-viz,LIVES_IN,sig-build/inventory.mts
cs_2026.file:polygraph-viz:src/client/ui/inspector.ts,file:polygraph-viz:src/client/ui/inspector.ts,REALIZES_FORM,sig-build/inventory.mts
file:polygraph-viz:src/client/ui/inspector.ts,fn:polygraph-viz:src/client/ui/inspector.ts:clearInspector,DECLARES,sig-build/inventory.mts:23
cs_2026.fn:polygraph-viz:src/client/ui/inspector.ts:clearInspector,fn:polygraph-viz:src/client/ui/inspector.ts:clearInspector,REALIZES_FORM,sig-build/inventory.mts
fn:polygraph-viz:src/client/ui/inspector.ts:clearInspector,af:polygraph-viz:src/client/ui/inspector.ts:clearInspector:guard,HAS_ALT_FLOW,sig-build/inventory.mts
cs_2026.early_return:polygraph-viz:src/client/ui/inspector.ts:clearInspector:guard,af:polygraph-viz:src/client/ui/inspector.ts:clearInspector:guard,REALIZES_FORM,sig-build/inventory.mts
file:polygraph-viz:src/client/ui/inspector.ts,fn:polygraph-viz:src/client/ui/inspector.ts:showNode,DECLARES,sig-build/inventory.mts:33
cs_2026.fn:polygraph-viz:src/client/ui/inspector.ts:showNode,fn:polygraph-viz:src/client/ui/inspector.ts:showNode,REALIZES_FORM,sig-build/inventory.mts
fn:polygraph-viz:src/client/ui/inspector.ts:showNode,af:polygraph-viz:src/client/ui/inspector.ts:showNode:guard,HAS_ALT_FLOW,sig-build/inventory.mts
cs_2026.early_return:polygraph-viz:src/client/ui/inspector.ts:showNode:guard,af:polygraph-viz:src/client/ui/inspector.ts:showNode:guard,REALIZES_FORM,sig-build/inventory.mts
file:polygraph-viz:src/client/ui/inspector.ts,fn:polygraph-viz:src/client/ui/inspector.ts:showGroup,DECLARES,sig-build/inventory.mts:62
cs_2026.fn:polygraph-viz:src/client/ui/inspector.ts:showGroup,fn:polygraph-viz:src/client/ui/inspector.ts:showGroup,REALIZES_FORM,sig-build/inventory.mts
fn:polygraph-viz:src/client/ui/inspector.ts:showGroup,af:polygraph-viz:src/client/ui/inspector.ts:showGroup:guard,HAS_ALT_FLOW,sig-build/inventory.mts
cs_2026.early_return:polygraph-viz:src/client/ui/inspector.ts:showGroup:guard,af:polygraph-viz:src/client/ui/inspector.ts:showGroup:guard,REALIZES_FORM,sig-build/inventory.mts
file:polygraph-viz:src/client/ui/inspector.ts,fn:polygraph-viz:src/client/ui/inspector.ts:pickDisplayName,DECLARES,sig-build/inventory.mts:97
cs_2026.fn:polygraph-viz:src/client/ui/inspector.ts:pickDisplayName,fn:polygraph-viz:src/client/ui/inspector.ts:pickDisplayName,REALIZES_FORM,sig-build/inventory.mts
fn:polygraph-viz:src/client/ui/inspector.ts:pickDisplayName,af:polygraph-viz:src/client/ui/inspector.ts:pickDisplayName:guard,HAS_ALT_FLOW,sig-build/inventory.mts
cs_2026.early_return:polygraph-viz:src/client/ui/inspector.ts:pickDisplayName:guard,af:polygraph-viz:src/client/ui/inspector.ts:pickDisplayName:guard,REALIZES_FORM,sig-build/inventory.mts
file:polygraph-viz:src/client/ui/inspector.ts,fn:polygraph-viz:src/client/ui/inspector.ts:showEdge,DECLARES,sig-build/inventory.mts:109
cs_2026.fn:polygraph-viz:src/client/ui/inspector.ts:showEdge,fn:polygraph-viz:src/client/ui/inspector.ts:showEdge,REALIZES_FORM,sig-build/inventory.mts
fn:polygraph-viz:src/client/ui/inspector.ts:showEdge,af:polygraph-viz:src/client/ui/inspector.ts:showEdge:guard,HAS_ALT_FLOW,sig-build/inventory.mts
cs_2026.early_return:polygraph-viz:src/client/ui/inspector.ts:showEdge:guard,af:polygraph-viz:src/client/ui/inspector.ts:showEdge:guard,REALIZES_FORM,sig-build/inventory.mts
file:polygraph-viz:src/client/ui/inspector.ts,fn:polygraph-viz:src/client/ui/inspector.ts:showAggregate,DECLARES,sig-build/inventory.mts:154
cs_2026.fn:polygraph-viz:src/client/ui/inspector.ts:showAggregate,fn:polygraph-viz:src/client/ui/inspector.ts:showAggregate,REALIZES_FORM,sig-build/inventory.mts
fn:polygraph-viz:src/client/ui/inspector.ts:showAggregate,af:polygraph-viz:src/client/ui/inspector.ts:showAggregate:guard,HAS_ALT_FLOW,sig-build/inventory.mts
cs_2026.early_return:polygraph-viz:src/client/ui/inspector.ts:showAggregate:guard,af:polygraph-viz:src/client/ui/inspector.ts:showAggregate:guard,REALIZES_FORM,sig-build/inventory.mts
file:polygraph-viz:src/client/ui/inspector.ts,fn:polygraph-viz:src/client/ui/inspector.ts:nodeMatches,DECLARES,sig-build/inventory.mts:209
cs_2026.fn:polygraph-viz:src/client/ui/inspector.ts:nodeMatches,fn:polygraph-viz:src/client/ui/inspector.ts:nodeMatches,REALIZES_FORM,sig-build/inventory.mts
fn:polygraph-viz:src/client/ui/inspector.ts:nodeMatches,af:polygraph-viz:src/client/ui/inspector.ts:nodeMatches:guard,HAS_ALT_FLOW,sig-build/inventory.mts
cs_2026.early_return:polygraph-viz:src/client/ui/inspector.ts:nodeMatches:guard,af:polygraph-viz:src/client/ui/inspector.ts:nodeMatches:guard,REALIZES_FORM,sig-build/inventory.mts
fn:polygraph-viz:src/client/ui/inspector.ts:nodeMatches,af:polygraph-viz:src/client/ui/inspector.ts:nodeMatches:guard-2,HAS_ALT_FLOW,sig-build/inventory.mts
cs_2026.early_return:polygraph-viz:src/client/ui/inspector.ts:nodeMatches:guard-2,af:polygraph-viz:src/client/ui/inspector.ts:nodeMatches:guard-2,REALIZES_FORM,sig-build/inventory.mts
fn:polygraph-viz:src/client/ui/inspector.ts:nodeMatches,af:polygraph-viz:src/client/ui/inspector.ts:nodeMatches:guard-3,HAS_ALT_FLOW,sig-build/inventory.mts
cs_2026.early_return:polygraph-viz:src/client/ui/inspector.ts:nodeMatches:guard-3,af:polygraph-viz:src/client/ui/inspector.ts:nodeMatches:guard-3,REALIZES_FORM,sig-build/inventory.mts
fn:polygraph-viz:src/client/ui/inspector.ts:nodeMatches,af:polygraph-viz:src/client/ui/inspector.ts:nodeMatches:guard-4,HAS_ALT_FLOW,sig-build/inventory.mts
cs_2026.early_return:polygraph-viz:src/client/ui/inspector.ts:nodeMatches:guard-4,af:polygraph-viz:src/client/ui/inspector.ts:nodeMatches:guard-4,REALIZES_FORM,sig-build/inventory.mts
file:polygraph-viz:src/client/ui/palette.ts,repo:polygraph-viz,LIVES_IN,sig-build/inventory.mts
cs_2026.file:polygraph-viz:src/client/ui/palette.ts,file:polygraph-viz:src/client/ui/palette.ts,REALIZES_FORM,sig-build/inventory.mts
file:polygraph-viz:src/client/ui/palette.ts,fn:polygraph-viz:src/client/ui/palette.ts:primaryLabel,DECLARES,sig-build/inventory.mts:84
cs_2026.fn:polygraph-viz:src/client/ui/palette.ts:primaryLabel,fn:polygraph-viz:src/client/ui/palette.ts:primaryLabel,REALIZES_FORM,sig-build/inventory.mts
fn:polygraph-viz:src/client/ui/palette.ts:primaryLabel,af:polygraph-viz:src/client/ui/palette.ts:primaryLabel:guard,HAS_ALT_FLOW,sig-build/inventory.mts
cs_2026.early_return:polygraph-viz:src/client/ui/palette.ts:primaryLabel:guard,af:polygraph-viz:src/client/ui/palette.ts:primaryLabel:guard,REALIZES_FORM,sig-build/inventory.mts
file:polygraph-viz:src/client/ui/palette.ts,fn:polygraph-viz:src/client/ui/palette.ts:buildColorMap,DECLARES,sig-build/inventory.mts:112
cs_2026.fn:polygraph-viz:src/client/ui/palette.ts:buildColorMap,fn:polygraph-viz:src/client/ui/palette.ts:buildColorMap,REALIZES_FORM,sig-build/inventory.mts
file:polygraph-viz:src/client/ui/palette.ts,fn:polygraph-viz:src/client/ui/palette.ts:colorForLabel,DECLARES,sig-build/inventory.mts:168
cs_2026.fn:polygraph-viz:src/client/ui/palette.ts:colorForLabel,fn:polygraph-viz:src/client/ui/palette.ts:colorForLabel,REALIZES_FORM,sig-build/inventory.mts
file:polygraph-viz:src/client/ui/stats.ts,repo:polygraph-viz,LIVES_IN,sig-build/inventory.mts
cs_2026.file:polygraph-viz:src/client/ui/stats.ts,file:polygraph-viz:src/client/ui/stats.ts,REALIZES_FORM,sig-build/inventory.mts
file:polygraph-viz:src/client/ui/stats.ts,fn:polygraph-viz:src/client/ui/stats.ts:renderStats,DECLARES,sig-build/inventory.mts:21
cs_2026.fn:polygraph-viz:src/client/ui/stats.ts:renderStats,fn:polygraph-viz:src/client/ui/stats.ts:renderStats,REALIZES_FORM,sig-build/inventory.mts
fn:polygraph-viz:src/client/ui/stats.ts:renderStats,af:polygraph-viz:src/client/ui/stats.ts:renderStats:guard,HAS_ALT_FLOW,sig-build/inventory.mts
cs_2026.early_return:polygraph-viz:src/client/ui/stats.ts:renderStats:guard,af:polygraph-viz:src/client/ui/stats.ts:renderStats:guard,REALIZES_FORM,sig-build/inventory.mts
fn:polygraph-viz:src/client/ui/stats.ts:renderStats,af:polygraph-viz:src/client/ui/stats.ts:renderStats:try,HAS_ALT_FLOW,sig-build/inventory.mts
cs_2026.try_catch:polygraph-viz:src/client/ui/stats.ts:renderStats:try,af:polygraph-viz:src/client/ui/stats.ts:renderStats:try,REALIZES_FORM,sig-build/inventory.mts
fn:polygraph-viz:src/client/ui/stats.ts:renderStats,co:polygraph-viz:src/client/ui/stats.ts:renderStats:http,EMITS_CALLOUT,sig-build/inventory.mts
cs_2026.fetch_call:polygraph-viz:src/client/ui/stats.ts:renderStats:http,co:polygraph-viz:src/client/ui/stats.ts:renderStats:http,REALIZES_FORM,sig-build/inventory.mts
file:polygraph-viz:src/client/ui/theme.ts,repo:polygraph-viz,LIVES_IN,sig-build/inventory.mts
cs_2026.file:polygraph-viz:src/client/ui/theme.ts,file:polygraph-viz:src/client/ui/theme.ts,REALIZES_FORM,sig-build/inventory.mts
file:polygraph-viz:src/client/ui/theme.ts,fn:polygraph-viz:src/client/ui/theme.ts:installTheme,DECLARES,sig-build/inventory.mts:43
cs_2026.fn:polygraph-viz:src/client/ui/theme.ts:installTheme,fn:polygraph-viz:src/client/ui/theme.ts:installTheme,REALIZES_FORM,sig-build/inventory.mts
fn:polygraph-viz:src/client/ui/theme.ts:installTheme,af:polygraph-viz:src/client/ui/theme.ts:installTheme:guard,HAS_ALT_FLOW,sig-build/inventory.mts
cs_2026.early_return:polygraph-viz:src/client/ui/theme.ts:installTheme:guard,af:polygraph-viz:src/client/ui/theme.ts:installTheme:guard,REALIZES_FORM,sig-build/inventory.mts
fn:polygraph-viz:src/client/ui/theme.ts:installTheme,af:polygraph-viz:src/client/ui/theme.ts:installTheme:try,HAS_ALT_FLOW,sig-build/inventory.mts
cs_2026.try_catch:polygraph-viz:src/client/ui/theme.ts:installTheme:try,af:polygraph-viz:src/client/ui/theme.ts:installTheme:try,REALIZES_FORM,sig-build/inventory.mts
file:polygraph-viz:src/client/ui/toolbar.ts,repo:polygraph-viz,LIVES_IN,sig-build/inventory.mts
cs_2026.file:polygraph-viz:src/client/ui/toolbar.ts,file:polygraph-viz:src/client/ui/toolbar.ts,REALIZES_FORM,sig-build/inventory.mts
file:polygraph-viz:src/client/ui/toolbar.ts,fn:polygraph-viz:src/client/ui/toolbar.ts:installToolbar,DECLARES,sig-build/inventory.mts:24
cs_2026.fn:polygraph-viz:src/client/ui/toolbar.ts:installToolbar,fn:polygraph-viz:src/client/ui/toolbar.ts:installToolbar,REALIZES_FORM,sig-build/inventory.mts
fn:polygraph-viz:src/client/ui/toolbar.ts:installToolbar,af:polygraph-viz:src/client/ui/toolbar.ts:installToolbar:guard,HAS_ALT_FLOW,sig-build/inventory.mts
cs_2026.early_return:polygraph-viz:src/client/ui/toolbar.ts:installToolbar:guard,af:polygraph-viz:src/client/ui/toolbar.ts:installToolbar:guard,REALIZES_FORM,sig-build/inventory.mts
file:polygraph-viz:src/client/views/chord.ts,repo:polygraph-viz,LIVES_IN,sig-build/inventory.mts
cs_2026.file:polygraph-viz:src/client/views/chord.ts,file:polygraph-viz:src/client/views/chord.ts,REALIZES_FORM,sig-build/inventory.mts
file:polygraph-viz:src/client/views/chord.ts,fn:polygraph-viz:src/client/views/chord.ts:renderChord,DECLARES,sig-build/inventory.mts:79
cs_2026.fn:polygraph-viz:src/client/views/chord.ts:renderChord,fn:polygraph-viz:src/client/views/chord.ts:renderChord,REALIZES_FORM,sig-build/inventory.mts
file:polygraph-viz:src/client/views/force.ts,repo:polygraph-viz,LIVES_IN,sig-build/inventory.mts
cs_2026.file:polygraph-viz:src/client/views/force.ts,file:polygraph-viz:src/client/views/force.ts,REALIZES_FORM,sig-build/inventory.mts
file:polygraph-viz:src/client/views/force.ts,fn:polygraph-viz:src/client/views/force.ts:renderForce,DECLARES,sig-build/inventory.mts:72
cs_2026.fn:polygraph-viz:src/client/views/force.ts:renderForce,fn:polygraph-viz:src/client/views/force.ts:renderForce,REALIZES_FORM,sig-build/inventory.mts
fn:polygraph-viz:src/client/views/force.ts:renderForce,af:polygraph-viz:src/client/views/force.ts:renderForce:guard,HAS_ALT_FLOW,sig-build/inventory.mts
cs_2026.early_return:polygraph-viz:src/client/views/force.ts:renderForce:guard,af:polygraph-viz:src/client/views/force.ts:renderForce:guard,REALIZES_FORM,sig-build/inventory.mts
fn:polygraph-viz:src/client/views/force.ts:renderForce,af:polygraph-viz:src/client/views/force.ts:renderForce:guard-2,HAS_ALT_FLOW,sig-build/inventory.mts
cs_2026.early_return:polygraph-viz:src/client/views/force.ts:renderForce:guard-2,af:polygraph-viz:src/client/views/force.ts:renderForce:guard-2,REALIZES_FORM,sig-build/inventory.mts
fn:polygraph-viz:src/client/views/force.ts:renderForce,af:polygraph-viz:src/client/views/force.ts:renderForce:guard-3,HAS_ALT_FLOW,sig-build/inventory.mts
cs_2026.early_return:polygraph-viz:src/client/views/force.ts:renderForce:guard-3,af:polygraph-viz:src/client/views/force.ts:renderForce:guard-3,REALIZES_FORM,sig-build/inventory.mts
file:polygraph-viz:src/client/views/sankey.ts,repo:polygraph-viz,LIVES_IN,sig-build/inventory.mts
cs_2026.file:polygraph-viz:src/client/views/sankey.ts,file:polygraph-viz:src/client/views/sankey.ts,REALIZES_FORM,sig-build/inventory.mts
file:polygraph-viz:src/client/views/sankey.ts,fn:polygraph-viz:src/client/views/sankey.ts:renderSankey,DECLARES,sig-build/inventory.mts:434
cs_2026.fn:polygraph-viz:src/client/views/sankey.ts:renderSankey,fn:polygraph-viz:src/client/views/sankey.ts:renderSankey,REALIZES_FORM,sig-build/inventory.mts
file:polygraph-viz:src/client/views/types.ts,repo:polygraph-viz,LIVES_IN,sig-build/inventory.mts
cs_2026.file:polygraph-viz:src/client/views/types.ts,file:polygraph-viz:src/client/views/types.ts,REALIZES_FORM,sig-build/inventory.mts
file:polygraph-viz:src/graph-api.ts,repo:polygraph-viz,LIVES_IN,sig-build/inventory.mts
cs_2026.file:polygraph-viz:src/graph-api.ts,file:polygraph-viz:src/graph-api.ts,REALIZES_FORM,sig-build/inventory.mts
file:polygraph-viz:src/graph-api.ts,fn:polygraph-viz:src/graph-api.ts:computeStats,DECLARES,sig-build/inventory.mts:17
cs_2026.fn:polygraph-viz:src/graph-api.ts:computeStats,fn:polygraph-viz:src/graph-api.ts:computeStats,REALIZES_FORM,sig-build/inventory.mts
file:polygraph-viz:src/graph-api.ts,fn:polygraph-viz:src/graph-api.ts:computeDegrees,DECLARES,sig-build/inventory.mts:49
cs_2026.fn:polygraph-viz:src/graph-api.ts:computeDegrees,fn:polygraph-viz:src/graph-api.ts:computeDegrees,REALIZES_FORM,sig-build/inventory.mts
file:polygraph-viz:src/graph-api.ts,fn:polygraph-viz:src/graph-api.ts:searchNodes,DECLARES,sig-build/inventory.mts:62
cs_2026.fn:polygraph-viz:src/graph-api.ts:searchNodes,fn:polygraph-viz:src/graph-api.ts:searchNodes,REALIZES_FORM,sig-build/inventory.mts
fn:polygraph-viz:src/graph-api.ts:searchNodes,af:polygraph-viz:src/graph-api.ts:searchNodes:guard,HAS_ALT_FLOW,sig-build/inventory.mts
cs_2026.early_return:polygraph-viz:src/graph-api.ts:searchNodes:guard,af:polygraph-viz:src/graph-api.ts:searchNodes:guard,REALIZES_FORM,sig-build/inventory.mts
file:polygraph-viz:src/graph-api.ts,fn:polygraph-viz:src/graph-api.ts:filterByLabels,DECLARES,sig-build/inventory.mts:76
cs_2026.fn:polygraph-viz:src/graph-api.ts:filterByLabels,fn:polygraph-viz:src/graph-api.ts:filterByLabels,REALIZES_FORM,sig-build/inventory.mts
file:polygraph-viz:src/graph-api.ts,fn:polygraph-viz:src/graph-api.ts:filterByRelTypes,DECLARES,sig-build/inventory.mts:88
cs_2026.fn:polygraph-viz:src/graph-api.ts:filterByRelTypes,fn:polygraph-viz:src/graph-api.ts:filterByRelTypes,REALIZES_FORM,sig-build/inventory.mts
file:polygraph-viz:src/graph-api.ts,fn:polygraph-viz:src/graph-api.ts:exportGraph,DECLARES,sig-build/inventory.mts:102
cs_2026.fn:polygraph-viz:src/graph-api.ts:exportGraph,fn:polygraph-viz:src/graph-api.ts:exportGraph,REALIZES_FORM,sig-build/inventory.mts
file:polygraph-viz:src/graph-api.ts,fn:polygraph-viz:src/graph-api.ts:connectGraph,DECLARES,sig-build/inventory.mts:154
cs_2026.fn:polygraph-viz:src/graph-api.ts:connectGraph,fn:polygraph-viz:src/graph-api.ts:connectGraph,REALIZES_FORM,sig-build/inventory.mts
file:polygraph-viz:src/graph-api.ts,fn:polygraph-viz:src/graph-api.ts:buildDemoGraph,DECLARES,sig-build/inventory.mts:165
cs_2026.fn:polygraph-viz:src/graph-api.ts:buildDemoGraph,fn:polygraph-viz:src/graph-api.ts:buildDemoGraph,REALIZES_FORM,sig-build/inventory.mts
file:polygraph-viz:src/index.ts,repo:polygraph-viz,LIVES_IN,sig-build/inventory.mts
cs_2026.file:polygraph-viz:src/index.ts,file:polygraph-viz:src/index.ts,REALIZES_FORM,sig-build/inventory.mts
file:polygraph-viz:src/middleware.ts,repo:polygraph-viz,LIVES_IN,sig-build/inventory.mts
cs_2026.file:polygraph-viz:src/middleware.ts,file:polygraph-viz:src/middleware.ts,REALIZES_FORM,sig-build/inventory.mts
file:polygraph-viz:src/middleware.ts,fn:polygraph-viz:src/middleware.ts:vizMiddleware,DECLARES,sig-build/inventory.mts:9
cs_2026.fn:polygraph-viz:src/middleware.ts:vizMiddleware,fn:polygraph-viz:src/middleware.ts:vizMiddleware,REALIZES_FORM,sig-build/inventory.mts
file:polygraph-viz:src/nl/answerer.ts,repo:polygraph-viz,LIVES_IN,sig-build/inventory.mts
cs_2026.file:polygraph-viz:src/nl/answerer.ts,file:polygraph-viz:src/nl/answerer.ts,REALIZES_FORM,sig-build/inventory.mts
file:polygraph-viz:src/nl/answerer.ts,fn:polygraph-viz:src/nl/answerer.ts:buildAnswerContext,DECLARES,sig-build/inventory.mts:40
cs_2026.fn:polygraph-viz:src/nl/answerer.ts:buildAnswerContext,fn:polygraph-viz:src/nl/answerer.ts:buildAnswerContext,REALIZES_FORM,sig-build/inventory.mts
file:polygraph-viz:src/nl/answerer.ts,fn:polygraph-viz:src/nl/answerer.ts:buildAnswerMessages,DECLARES,sig-build/inventory.mts:177
cs_2026.fn:polygraph-viz:src/nl/answerer.ts:buildAnswerMessages,fn:polygraph-viz:src/nl/answerer.ts:buildAnswerMessages,REALIZES_FORM,sig-build/inventory.mts
file:polygraph-viz:src/nl/answerer.ts,fn:polygraph-viz:src/nl/answerer.ts:answerOnce,DECLARES,sig-build/inventory.mts:196
cs_2026.fn:polygraph-viz:src/nl/answerer.ts:answerOnce,fn:polygraph-viz:src/nl/answerer.ts:answerOnce,REALIZES_FORM,sig-build/inventory.mts
fn:polygraph-viz:src/nl/answerer.ts:answerOnce,co:polygraph-viz:src/nl/answerer.ts:answerOnce:sdk,EMITS_CALLOUT,sig-build/inventory.mts
cs_2026.sdk_call:polygraph-viz:src/nl/answerer.ts:answerOnce:sdk,co:polygraph-viz:src/nl/answerer.ts:answerOnce:sdk,REALIZES_FORM,sig-build/inventory.mts
file:polygraph-viz:src/nl/answerer.ts,fn:polygraph-viz:src/nl/answerer.ts:answerStream,DECLARES,sig-build/inventory.mts:218
cs_2026.fn:polygraph-viz:src/nl/answerer.ts:answerStream,fn:polygraph-viz:src/nl/answerer.ts:answerStream,REALIZES_FORM,sig-build/inventory.mts
fn:polygraph-viz:src/nl/answerer.ts:answerStream,co:polygraph-viz:src/nl/answerer.ts:answerStream:sdk,EMITS_CALLOUT,sig-build/inventory.mts
cs_2026.sdk_call:polygraph-viz:src/nl/answerer.ts:answerStream:sdk,co:polygraph-viz:src/nl/answerer.ts:answerStream:sdk,REALIZES_FORM,sig-build/inventory.mts
file:polygraph-viz:src/nl/bedrock.ts,repo:polygraph-viz,LIVES_IN,sig-build/inventory.mts
cs_2026.file:polygraph-viz:src/nl/bedrock.ts,file:polygraph-viz:src/nl/bedrock.ts,REALIZES_FORM,sig-build/inventory.mts
file:polygraph-viz:src/nl/bedrock.ts,fn:polygraph-viz:src/nl/bedrock.ts:BedrockClient.describe,DECLARES,sig-build/inventory.mts:81
cs_2026.fn:polygraph-viz:src/nl/bedrock.ts:BedrockClient.describe,fn:polygraph-viz:src/nl/bedrock.ts:BedrockClient.describe,REALIZES_FORM,sig-build/inventory.mts
file:polygraph-viz:src/nl/bedrock.ts,fn:polygraph-viz:src/nl/bedrock.ts:BedrockClient.embed,DECLARES,sig-build/inventory.mts:89
cs_2026.fn:polygraph-viz:src/nl/bedrock.ts:BedrockClient.embed,fn:polygraph-viz:src/nl/bedrock.ts:BedrockClient.embed,REALIZES_FORM,sig-build/inventory.mts
fn:polygraph-viz:src/nl/bedrock.ts:BedrockClient.embed,co:polygraph-viz:src/nl/bedrock.ts:BedrockClient.embed:sdk,EMITS_CALLOUT,sig-build/inventory.mts
cs_2026.sdk_call:polygraph-viz:src/nl/bedrock.ts:BedrockClient.embed:sdk,co:polygraph-viz:src/nl/bedrock.ts:BedrockClient.embed:sdk,REALIZES_FORM,sig-build/inventory.mts
file:polygraph-viz:src/nl/bedrock.ts,fn:polygraph-viz:src/nl/bedrock.ts:BedrockClient.chat,DECLARES,sig-build/inventory.mts:110
cs_2026.fn:polygraph-viz:src/nl/bedrock.ts:BedrockClient.chat,fn:polygraph-viz:src/nl/bedrock.ts:BedrockClient.chat,REALIZES_FORM,sig-build/inventory.mts
fn:polygraph-viz:src/nl/bedrock.ts:BedrockClient.chat,co:polygraph-viz:src/nl/bedrock.ts:BedrockClient.chat:sdk,EMITS_CALLOUT,sig-build/inventory.mts
cs_2026.sdk_call:polygraph-viz:src/nl/bedrock.ts:BedrockClient.chat:sdk,co:polygraph-viz:src/nl/bedrock.ts:BedrockClient.chat:sdk,REALIZES_FORM,sig-build/inventory.mts
file:polygraph-viz:src/nl/bedrock.ts,fn:polygraph-viz:src/nl/bedrock.ts:BedrockClient.chatStream,DECLARES,sig-build/inventory.mts:146
cs_2026.fn:polygraph-viz:src/nl/bedrock.ts:BedrockClient.chatStream,fn:polygraph-viz:src/nl/bedrock.ts:BedrockClient.chatStream,REALIZES_FORM,sig-build/inventory.mts
fn:polygraph-viz:src/nl/bedrock.ts:BedrockClient.chatStream,co:polygraph-viz:src/nl/bedrock.ts:BedrockClient.chatStream:sdk,EMITS_CALLOUT,sig-build/inventory.mts
cs_2026.sdk_call:polygraph-viz:src/nl/bedrock.ts:BedrockClient.chatStream:sdk,co:polygraph-viz:src/nl/bedrock.ts:BedrockClient.chatStream:sdk,REALIZES_FORM,sig-build/inventory.mts
fn:polygraph-viz:src/nl/bedrock.ts:BedrockClient.chatStream,af:polygraph-viz:src/nl/bedrock.ts:BedrockClient.chatStream:guard,HAS_ALT_FLOW,sig-build/inventory.mts
cs_2026.early_return:polygraph-viz:src/nl/bedrock.ts:BedrockClient.chatStream:guard,af:polygraph-viz:src/nl/bedrock.ts:BedrockClient.chatStream:guard,REALIZES_FORM,sig-build/inventory.mts
fn:polygraph-viz:src/nl/bedrock.ts:BedrockClient.chatStream,af:polygraph-viz:src/nl/bedrock.ts:BedrockClient.chatStream:try,HAS_ALT_FLOW,sig-build/inventory.mts
cs_2026.try_catch:polygraph-viz:src/nl/bedrock.ts:BedrockClient.chatStream:try,af:polygraph-viz:src/nl/bedrock.ts:BedrockClient.chatStream:try,REALIZES_FORM,sig-build/inventory.mts
file:polygraph-viz:src/nl/embed-cache.ts,repo:polygraph-viz,LIVES_IN,sig-build/inventory.mts
cs_2026.file:polygraph-viz:src/nl/embed-cache.ts,file:polygraph-viz:src/nl/embed-cache.ts,REALIZES_FORM,sig-build/inventory.mts
file:polygraph-viz:src/nl/embed-cache.ts,fn:polygraph-viz:src/nl/embed-cache.ts:computeSnapshotHash,DECLARES,sig-build/inventory.mts:58
cs_2026.fn:polygraph-viz:src/nl/embed-cache.ts:computeSnapshotHash,fn:polygraph-viz:src/nl/embed-cache.ts:computeSnapshotHash,REALIZES_FORM,sig-build/inventory.mts
file:polygraph-viz:src/nl/embed-cache.ts,fn:polygraph-viz:src/nl/embed-cache.ts:nodeSummaryText,DECLARES,sig-build/inventory.mts:75
cs_2026.fn:polygraph-viz:src/nl/embed-cache.ts:nodeSummaryText,fn:polygraph-viz:src/nl/embed-cache.ts:nodeSummaryText,REALIZES_FORM,sig-build/inventory.mts
file:polygraph-viz:src/nl/embed-cache.ts,fn:polygraph-viz:src/nl/embed-cache.ts:EmbedCache.loadFromDisk,DECLARES,sig-build/inventory.mts:126
cs_2026.fn:polygraph-viz:src/nl/embed-cache.ts:EmbedCache.loadFromDisk,fn:polygraph-viz:src/nl/embed-cache.ts:EmbedCache.loadFromDisk,REALIZES_FORM,sig-build/inventory.mts
fn:polygraph-viz:src/nl/embed-cache.ts:EmbedCache.loadFromDisk,af:polygraph-viz:src/nl/embed-cache.ts:EmbedCache.loadFromDisk:guard,HAS_ALT_FLOW,sig-build/inventory.mts
cs_2026.early_return:polygraph-viz:src/nl/embed-cache.ts:EmbedCache.loadFromDisk:guard,af:polygraph-viz:src/nl/embed-cache.ts:EmbedCache.loadFromDisk:guard,REALIZES_FORM,sig-build/inventory.mts
fn:polygraph-viz:src/nl/embed-cache.ts:EmbedCache.loadFromDisk,co:polygraph-viz:src/nl/embed-cache.ts:EmbedCache.loadFromDisk:fs,EMITS_CALLOUT,sig-build/inventory.mts
cs_2026.fs_call:polygraph-viz:src/nl/embed-cache.ts:EmbedCache.loadFromDisk:fs,co:polygraph-viz:src/nl/embed-cache.ts:EmbedCache.loadFromDisk:fs,REALIZES_FORM,sig-build/inventory.mts
fn:polygraph-viz:src/nl/embed-cache.ts:EmbedCache.loadFromDisk,af:polygraph-viz:src/nl/embed-cache.ts:EmbedCache.loadFromDisk:try,HAS_ALT_FLOW,sig-build/inventory.mts
cs_2026.try_catch:polygraph-viz:src/nl/embed-cache.ts:EmbedCache.loadFromDisk:try,af:polygraph-viz:src/nl/embed-cache.ts:EmbedCache.loadFromDisk:try,REALIZES_FORM,sig-build/inventory.mts
fn:polygraph-viz:src/nl/embed-cache.ts:EmbedCache.loadFromDisk,co:polygraph-viz:src/nl/embed-cache.ts:EmbedCache.loadFromDisk:fs-2,EMITS_CALLOUT,sig-build/inventory.mts
cs_2026.fs_call:polygraph-viz:src/nl/embed-cache.ts:EmbedCache.loadFromDisk:fs-2,co:polygraph-viz:src/nl/embed-cache.ts:EmbedCache.loadFromDisk:fs-2,REALIZES_FORM,sig-build/inventory.mts
file:polygraph-viz:src/nl/embed-cache.ts,fn:polygraph-viz:src/nl/embed-cache.ts:EmbedCache.saveToDisk,DECLARES,sig-build/inventory.mts:143
cs_2026.fn:polygraph-viz:src/nl/embed-cache.ts:EmbedCache.saveToDisk,fn:polygraph-viz:src/nl/embed-cache.ts:EmbedCache.saveToDisk,REALIZES_FORM,sig-build/inventory.mts
fn:polygraph-viz:src/nl/embed-cache.ts:EmbedCache.saveToDisk,co:polygraph-viz:src/nl/embed-cache.ts:EmbedCache.saveToDisk:fs,EMITS_CALLOUT,sig-build/inventory.mts
cs_2026.fs_call:polygraph-viz:src/nl/embed-cache.ts:EmbedCache.saveToDisk:fs,co:polygraph-viz:src/nl/embed-cache.ts:EmbedCache.saveToDisk:fs,REALIZES_FORM,sig-build/inventory.mts
file:polygraph-viz:src/nl/embed-cache.ts,fn:polygraph-viz:src/nl/embed-cache.ts:EmbedCache.size,DECLARES,sig-build/inventory.mts:154
cs_2026.fn:polygraph-viz:src/nl/embed-cache.ts:EmbedCache.size,fn:polygraph-viz:src/nl/embed-cache.ts:EmbedCache.size,REALIZES_FORM,sig-build/inventory.mts
file:polygraph-viz:src/nl/embed-cache.ts,fn:polygraph-viz:src/nl/embed-cache.ts:EmbedCache.getAll,DECLARES,sig-build/inventory.mts:158
cs_2026.fn:polygraph-viz:src/nl/embed-cache.ts:EmbedCache.getAll,fn:polygraph-viz:src/nl/embed-cache.ts:EmbedCache.getAll,REALIZES_FORM,sig-build/inventory.mts
file:polygraph-viz:src/nl/embed-cache.ts,fn:polygraph-viz:src/nl/embed-cache.ts:EmbedCache.has,DECLARES,sig-build/inventory.mts:162
cs_2026.fn:polygraph-viz:src/nl/embed-cache.ts:EmbedCache.has,fn:polygraph-viz:src/nl/embed-cache.ts:EmbedCache.has,REALIZES_FORM,sig-build/inventory.mts
file:polygraph-viz:src/nl/embed-cache.ts,fn:polygraph-viz:src/nl/embed-cache.ts:EmbedCache.build,DECLARES,sig-build/inventory.mts:171
cs_2026.fn:polygraph-viz:src/nl/embed-cache.ts:EmbedCache.build,fn:polygraph-viz:src/nl/embed-cache.ts:EmbedCache.build,REALIZES_FORM,sig-build/inventory.mts
fn:polygraph-viz:src/nl/embed-cache.ts:EmbedCache.build,co:polygraph-viz:src/nl/embed-cache.ts:EmbedCache.build:sdk,EMITS_CALLOUT,sig-build/inventory.mts
cs_2026.sdk_call:polygraph-viz:src/nl/embed-cache.ts:EmbedCache.build:sdk,co:polygraph-viz:src/nl/embed-cache.ts:EmbedCache.build:sdk,REALIZES_FORM,sig-build/inventory.mts
fn:polygraph-viz:src/nl/embed-cache.ts:EmbedCache.build,co:polygraph-viz:src/nl/embed-cache.ts:EmbedCache.build:sdk-2,EMITS_CALLOUT,sig-build/inventory.mts
cs_2026.sdk_call:polygraph-viz:src/nl/embed-cache.ts:EmbedCache.build:sdk-2,co:polygraph-viz:src/nl/embed-cache.ts:EmbedCache.build:sdk-2,REALIZES_FORM,sig-build/inventory.mts
file:polygraph-viz:src/nl/embed-cache.ts,fn:polygraph-viz:src/nl/embed-cache.ts:EmbedCache.isStale,DECLARES,sig-build/inventory.mts:203
cs_2026.fn:polygraph-viz:src/nl/embed-cache.ts:EmbedCache.isStale,fn:polygraph-viz:src/nl/embed-cache.ts:EmbedCache.isStale,REALIZES_FORM,sig-build/inventory.mts
file:polygraph-viz:src/nl/embed-cache.ts,fn:polygraph-viz:src/nl/embed-cache.ts:EmbedCache.searchByEmbedding,DECLARES,sig-build/inventory.mts:215
cs_2026.fn:polygraph-viz:src/nl/embed-cache.ts:EmbedCache.searchByEmbedding,fn:polygraph-viz:src/nl/embed-cache.ts:EmbedCache.searchByEmbedding,REALIZES_FORM,sig-build/inventory.mts
file:polygraph-viz:src/nl/kb.ts,repo:polygraph-viz,LIVES_IN,sig-build/inventory.mts
cs_2026.file:polygraph-viz:src/nl/kb.ts,file:polygraph-viz:src/nl/kb.ts,REALIZES_FORM,sig-build/inventory.mts
file:polygraph-viz:src/nl/kb.ts,fn:polygraph-viz:src/nl/kb.ts:KnowledgeBase.load,DECLARES,sig-build/inventory.mts:47
cs_2026.fn:polygraph-viz:src/nl/kb.ts:KnowledgeBase.load,fn:polygraph-viz:src/nl/kb.ts:KnowledgeBase.load,REALIZES_FORM,sig-build/inventory.mts
fn:polygraph-viz:src/nl/kb.ts:KnowledgeBase.load,af:polygraph-viz:src/nl/kb.ts:KnowledgeBase.load:guard,HAS_ALT_FLOW,sig-build/inventory.mts
cs_2026.early_return:polygraph-viz:src/nl/kb.ts:KnowledgeBase.load:guard,af:polygraph-viz:src/nl/kb.ts:KnowledgeBase.load:guard,REALIZES_FORM,sig-build/inventory.mts
fn:polygraph-viz:src/nl/kb.ts:KnowledgeBase.load,co:polygraph-viz:src/nl/kb.ts:KnowledgeBase.load:fs,EMITS_CALLOUT,sig-build/inventory.mts
cs_2026.fs_call:polygraph-viz:src/nl/kb.ts:KnowledgeBase.load:fs,co:polygraph-viz:src/nl/kb.ts:KnowledgeBase.load:fs,REALIZES_FORM,sig-build/inventory.mts
fn:polygraph-viz:src/nl/kb.ts:KnowledgeBase.load,af:polygraph-viz:src/nl/kb.ts:KnowledgeBase.load:try,HAS_ALT_FLOW,sig-build/inventory.mts
cs_2026.try_catch:polygraph-viz:src/nl/kb.ts:KnowledgeBase.load:try,af:polygraph-viz:src/nl/kb.ts:KnowledgeBase.load:try,REALIZES_FORM,sig-build/inventory.mts
fn:polygraph-viz:src/nl/kb.ts:KnowledgeBase.load,co:polygraph-viz:src/nl/kb.ts:KnowledgeBase.load:fs-2,EMITS_CALLOUT,sig-build/inventory.mts
cs_2026.fs_call:polygraph-viz:src/nl/kb.ts:KnowledgeBase.load:fs-2,co:polygraph-viz:src/nl/kb.ts:KnowledgeBase.load:fs-2,REALIZES_FORM,sig-build/inventory.mts
file:polygraph-viz:src/nl/kb.ts,fn:polygraph-viz:src/nl/kb.ts:KnowledgeBase.save,DECLARES,sig-build/inventory.mts:57
cs_2026.fn:polygraph-viz:src/nl/kb.ts:KnowledgeBase.save,fn:polygraph-viz:src/nl/kb.ts:KnowledgeBase.save,REALIZES_FORM,sig-build/inventory.mts
fn:polygraph-viz:src/nl/kb.ts:KnowledgeBase.save,co:polygraph-viz:src/nl/kb.ts:KnowledgeBase.save:fs,EMITS_CALLOUT,sig-build/inventory.mts
cs_2026.fs_call:polygraph-viz:src/nl/kb.ts:KnowledgeBase.save:fs,co:polygraph-viz:src/nl/kb.ts:KnowledgeBase.save:fs,REALIZES_FORM,sig-build/inventory.mts
file:polygraph-viz:src/nl/kb.ts,fn:polygraph-viz:src/nl/kb.ts:KnowledgeBase.size,DECLARES,sig-build/inventory.mts:62
cs_2026.fn:polygraph-viz:src/nl/kb.ts:KnowledgeBase.size,fn:polygraph-viz:src/nl/kb.ts:KnowledgeBase.size,REALIZES_FORM,sig-build/inventory.mts
file:polygraph-viz:src/nl/kb.ts,fn:polygraph-viz:src/nl/kb.ts:KnowledgeBase.add,DECLARES,sig-build/inventory.mts:66
cs_2026.fn:polygraph-viz:src/nl/kb.ts:KnowledgeBase.add,fn:polygraph-viz:src/nl/kb.ts:KnowledgeBase.add,REALIZES_FORM,sig-build/inventory.mts
file:polygraph-viz:src/nl/kb.ts,fn:polygraph-viz:src/nl/kb.ts:KnowledgeBase.search,DECLARES,sig-build/inventory.mts:81
cs_2026.fn:polygraph-viz:src/nl/kb.ts:KnowledgeBase.search,fn:polygraph-viz:src/nl/kb.ts:KnowledgeBase.search,REALIZES_FORM,sig-build/inventory.mts
fn:polygraph-viz:src/nl/kb.ts:KnowledgeBase.search,af:polygraph-viz:src/nl/kb.ts:KnowledgeBase.search:guard,HAS_ALT_FLOW,sig-build/inventory.mts
cs_2026.early_return:polygraph-viz:src/nl/kb.ts:KnowledgeBase.search:guard,af:polygraph-viz:src/nl/kb.ts:KnowledgeBase.search:guard,REALIZES_FORM,sig-build/inventory.mts
file:polygraph-viz:src/nl/lexicon.ts,repo:polygraph-viz,LIVES_IN,sig-build/inventory.mts
cs_2026.file:polygraph-viz:src/nl/lexicon.ts,file:polygraph-viz:src/nl/lexicon.ts,REALIZES_FORM,sig-build/inventory.mts
file:polygraph-viz:src/nl/lexicon.ts,fn:polygraph-viz:src/nl/lexicon.ts:Lexicon.expand,DECLARES,sig-build/inventory.mts:63
cs_2026.fn:polygraph-viz:src/nl/lexicon.ts:Lexicon.expand,fn:polygraph-viz:src/nl/lexicon.ts:Lexicon.expand,REALIZES_FORM,sig-build/inventory.mts
fn:polygraph-viz:src/nl/lexicon.ts:Lexicon.expand,af:polygraph-viz:src/nl/lexicon.ts:Lexicon.expand:guard,HAS_ALT_FLOW,sig-build/inventory.mts
cs_2026.early_return:polygraph-viz:src/nl/lexicon.ts:Lexicon.expand:guard,af:polygraph-viz:src/nl/lexicon.ts:Lexicon.expand:guard,REALIZES_FORM,sig-build/inventory.mts
fn:polygraph-viz:src/nl/lexicon.ts:Lexicon.expand,af:polygraph-viz:src/nl/lexicon.ts:Lexicon.expand:guard-2,HAS_ALT_FLOW,sig-build/inventory.mts
cs_2026.early_return:polygraph-viz:src/nl/lexicon.ts:Lexicon.expand:guard-2,af:polygraph-viz:src/nl/lexicon.ts:Lexicon.expand:guard-2,REALIZES_FORM,sig-build/inventory.mts
file:polygraph-viz:src/nl/lexicon.ts,fn:polygraph-viz:src/nl/lexicon.ts:loadLexicon,DECLARES,sig-build/inventory.mts:83
cs_2026.fn:polygraph-viz:src/nl/lexicon.ts:loadLexicon,fn:polygraph-viz:src/nl/lexicon.ts:loadLexicon,REALIZES_FORM,sig-build/inventory.mts
fn:polygraph-viz:src/nl/lexicon.ts:loadLexicon,co:polygraph-viz:src/nl/lexicon.ts:loadLexicon:fs,EMITS_CALLOUT,sig-build/inventory.mts
cs_2026.fs_call:polygraph-viz:src/nl/lexicon.ts:loadLexicon:fs,co:polygraph-viz:src/nl/lexicon.ts:loadLexicon:fs,REALIZES_FORM,sig-build/inventory.mts
fn:polygraph-viz:src/nl/lexicon.ts:loadLexicon,af:polygraph-viz:src/nl/lexicon.ts:loadLexicon:try,HAS_ALT_FLOW,sig-build/inventory.mts
cs_2026.try_catch:polygraph-viz:src/nl/lexicon.ts:loadLexicon:try,af:polygraph-viz:src/nl/lexicon.ts:loadLexicon:try,REALIZES_FORM,sig-build/inventory.mts
fn:polygraph-viz:src/nl/lexicon.ts:loadLexicon,co:polygraph-viz:src/nl/lexicon.ts:loadLexicon:fs-2,EMITS_CALLOUT,sig-build/inventory.mts
cs_2026.fs_call:polygraph-viz:src/nl/lexicon.ts:loadLexicon:fs-2,co:polygraph-viz:src/nl/lexicon.ts:loadLexicon:fs-2,REALIZES_FORM,sig-build/inventory.mts
fn:polygraph-viz:src/nl/lexicon.ts:loadLexicon,af:polygraph-viz:src/nl/lexicon.ts:loadLexicon:guard,HAS_ALT_FLOW,sig-build/inventory.mts
cs_2026.early_return:polygraph-viz:src/nl/lexicon.ts:loadLexicon:guard,af:polygraph-viz:src/nl/lexicon.ts:loadLexicon:guard,REALIZES_FORM,sig-build/inventory.mts
file:polygraph-viz:src/nl/ranker.ts,repo:polygraph-viz,LIVES_IN,sig-build/inventory.mts
cs_2026.file:polygraph-viz:src/nl/ranker.ts,file:polygraph-viz:src/nl/ranker.ts,REALIZES_FORM,sig-build/inventory.mts
file:polygraph-viz:src/nl/ranker.ts,fn:polygraph-viz:src/nl/ranker.ts:computeSchemaFingerprint,DECLARES,sig-build/inventory.mts:36
cs_2026.fn:polygraph-viz:src/nl/ranker.ts:computeSchemaFingerprint,fn:polygraph-viz:src/nl/ranker.ts:computeSchemaFingerprint,REALIZES_FORM,sig-build/inventory.mts
file:polygraph-viz:src/nl/ranker.ts,fn:polygraph-viz:src/nl/ranker.ts:rankWithLlm,DECLARES,sig-build/inventory.mts:120
cs_2026.fn:polygraph-viz:src/nl/ranker.ts:rankWithLlm,fn:polygraph-viz:src/nl/ranker.ts:rankWithLlm,REALIZES_FORM,sig-build/inventory.mts
fn:polygraph-viz:src/nl/ranker.ts:rankWithLlm,af:polygraph-viz:src/nl/ranker.ts:rankWithLlm:guard,HAS_ALT_FLOW,sig-build/inventory.mts
cs_2026.early_return:polygraph-viz:src/nl/ranker.ts:rankWithLlm:guard,af:polygraph-viz:src/nl/ranker.ts:rankWithLlm:guard,REALIZES_FORM,sig-build/inventory.mts
fn:polygraph-viz:src/nl/ranker.ts:rankWithLlm,co:polygraph-viz:src/nl/ranker.ts:rankWithLlm:sdk,EMITS_CALLOUT,sig-build/inventory.mts
cs_2026.sdk_call:polygraph-viz:src/nl/ranker.ts:rankWithLlm:sdk,co:polygraph-viz:src/nl/ranker.ts:rankWithLlm:sdk,REALIZES_FORM,sig-build/inventory.mts
fn:polygraph-viz:src/nl/ranker.ts:rankWithLlm,af:polygraph-viz:src/nl/ranker.ts:rankWithLlm:try,HAS_ALT_FLOW,sig-build/inventory.mts
cs_2026.try_catch:polygraph-viz:src/nl/ranker.ts:rankWithLlm:try,af:polygraph-viz:src/nl/ranker.ts:rankWithLlm:try,REALIZES_FORM,sig-build/inventory.mts
file:polygraph-viz:src/nl/segment.ts,repo:polygraph-viz,LIVES_IN,sig-build/inventory.mts
cs_2026.file:polygraph-viz:src/nl/segment.ts,file:polygraph-viz:src/nl/segment.ts,REALIZES_FORM,sig-build/inventory.mts
file:polygraph-viz:src/nl/segment.ts,fn:polygraph-viz:src/nl/segment.ts:segmentsForNode,DECLARES,sig-build/inventory.mts:53
cs_2026.fn:polygraph-viz:src/nl/segment.ts:segmentsForNode,fn:polygraph-viz:src/nl/segment.ts:segmentsForNode,REALIZES_FORM,sig-build/inventory.mts
fn:polygraph-viz:src/nl/segment.ts:segmentsForNode,af:polygraph-viz:src/nl/segment.ts:segmentsForNode:guard,HAS_ALT_FLOW,sig-build/inventory.mts
cs_2026.early_return:polygraph-viz:src/nl/segment.ts:segmentsForNode:guard,af:polygraph-viz:src/nl/segment.ts:segmentsForNode:guard,REALIZES_FORM,sig-build/inventory.mts
fn:polygraph-viz:src/nl/segment.ts:segmentsForNode,af:polygraph-viz:src/nl/segment.ts:segmentsForNode:guard-2,HAS_ALT_FLOW,sig-build/inventory.mts
cs_2026.early_return:polygraph-viz:src/nl/segment.ts:segmentsForNode:guard-2,af:polygraph-viz:src/nl/segment.ts:segmentsForNode:guard-2,REALIZES_FORM,sig-build/inventory.mts
fn:polygraph-viz:src/nl/segment.ts:segmentsForNode,af:polygraph-viz:src/nl/segment.ts:segmentsForNode:guard-3,HAS_ALT_FLOW,sig-build/inventory.mts
cs_2026.early_return:polygraph-viz:src/nl/segment.ts:segmentsForNode:guard-3,af:polygraph-viz:src/nl/segment.ts:segmentsForNode:guard-3,REALIZES_FORM,sig-build/inventory.mts
file:polygraph-viz:src/nl/segment.ts,fn:polygraph-viz:src/nl/segment.ts:segmentForNode,DECLARES,sig-build/inventory.mts:122
cs_2026.fn:polygraph-viz:src/nl/segment.ts:segmentForNode,fn:polygraph-viz:src/nl/segment.ts:segmentForNode,REALIZES_FORM,sig-build/inventory.mts
fn:polygraph-viz:src/nl/segment.ts:segmentForNode,af:polygraph-viz:src/nl/segment.ts:segmentForNode:guard,HAS_ALT_FLOW,sig-build/inventory.mts
cs_2026.early_return:polygraph-viz:src/nl/segment.ts:segmentForNode:guard,af:polygraph-viz:src/nl/segment.ts:segmentForNode:guard,REALIZES_FORM,sig-build/inventory.mts
fn:polygraph-viz:src/nl/segment.ts:segmentForNode,af:polygraph-viz:src/nl/segment.ts:segmentForNode:guard-2,HAS_ALT_FLOW,sig-build/inventory.mts
cs_2026.early_return:polygraph-viz:src/nl/segment.ts:segmentForNode:guard-2,af:polygraph-viz:src/nl/segment.ts:segmentForNode:guard-2,REALIZES_FORM,sig-build/inventory.mts
fn:polygraph-viz:src/nl/segment.ts:segmentForNode,af:polygraph-viz:src/nl/segment.ts:segmentForNode:guard-3,HAS_ALT_FLOW,sig-build/inventory.mts
cs_2026.early_return:polygraph-viz:src/nl/segment.ts:segmentForNode:guard-3,af:polygraph-viz:src/nl/segment.ts:segmentForNode:guard-3,REALIZES_FORM,sig-build/inventory.mts
file:polygraph-viz:src/nl/segment.ts,fn:polygraph-viz:src/nl/segment.ts:tallySegments,DECLARES,sig-build/inventory.mts:139
cs_2026.fn:polygraph-viz:src/nl/segment.ts:tallySegments,fn:polygraph-viz:src/nl/segment.ts:tallySegments,REALIZES_FORM,sig-build/inventory.mts
file:polygraph-viz:src/nl/segment.ts,fn:polygraph-viz:src/nl/segment.ts:sliceSegment,DECLARES,sig-build/inventory.mts:187
cs_2026.fn:polygraph-viz:src/nl/segment.ts:sliceSegment,fn:polygraph-viz:src/nl/segment.ts:sliceSegment,REALIZES_FORM,sig-build/inventory.mts
file:polygraph-viz:src/server.ts,repo:polygraph-viz,LIVES_IN,sig-build/inventory.mts
cs_2026.file:polygraph-viz:src/server.ts,file:polygraph-viz:src/server.ts,REALIZES_FORM,sig-build/inventory.mts
file:polygraph-viz:src/server.ts,fn:polygraph-viz:src/server.ts:loadGraph,DECLARES,sig-build/inventory.mts:80
cs_2026.fn:polygraph-viz:src/server.ts:loadGraph,fn:polygraph-viz:src/server.ts:loadGraph,REALIZES_FORM,sig-build/inventory.mts
fn:polygraph-viz:src/server.ts:loadGraph,af:polygraph-viz:src/server.ts:loadGraph:guard,HAS_ALT_FLOW,sig-build/inventory.mts
cs_2026.early_return:polygraph-viz:src/server.ts:loadGraph:guard,af:polygraph-viz:src/server.ts:loadGraph:guard,REALIZES_FORM,sig-build/inventory.mts
fn:polygraph-viz:src/server.ts:loadGraph,co:polygraph-viz:src/server.ts:loadGraph:http,EMITS_CALLOUT,sig-build/inventory.mts
cs_2026.fetch_call:polygraph-viz:src/server.ts:loadGraph:http,co:polygraph-viz:src/server.ts:loadGraph:http,REALIZES_FORM,sig-build/inventory.mts
file:polygraph-viz:src/server.ts,fn:polygraph-viz:src/server.ts:buildApp,DECLARES,sig-build/inventory.mts:122
cs_2026.fn:polygraph-viz:src/server.ts:buildApp,fn:polygraph-viz:src/server.ts:buildApp,REALIZES_FORM,sig-build/inventory.mts
fn:polygraph-viz:src/server.ts:buildApp,co:polygraph-viz:src/server.ts:buildApp:sdk,EMITS_CALLOUT,sig-build/inventory.mts
cs_2026.sdk_call:polygraph-viz:src/server.ts:buildApp:sdk,co:polygraph-viz:src/server.ts:buildApp:sdk,REALIZES_FORM,sig-build/inventory.mts
fn:polygraph-viz:src/server.ts:buildApp,co:polygraph-viz:src/server.ts:buildApp:sdk-2,EMITS_CALLOUT,sig-build/inventory.mts
cs_2026.sdk_call:polygraph-viz:src/server.ts:buildApp:sdk-2,co:polygraph-viz:src/server.ts:buildApp:sdk-2,REALIZES_FORM,sig-build/inventory.mts
fn:polygraph-viz:src/server.ts:buildApp,co:polygraph-viz:src/server.ts:buildApp:http,EMITS_CALLOUT,sig-build/inventory.mts
cs_2026.fetch_call:polygraph-viz:src/server.ts:buildApp:http,co:polygraph-viz:src/server.ts:buildApp:http,REALIZES_FORM,sig-build/inventory.mts
fn:polygraph-viz:src/server.ts:buildApp,co:polygraph-viz:src/server.ts:buildApp:http-2,EMITS_CALLOUT,sig-build/inventory.mts
cs_2026.fetch_call:polygraph-viz:src/server.ts:buildApp:http-2,co:polygraph-viz:src/server.ts:buildApp:http-2,REALIZES_FORM,sig-build/inventory.mts
fn:polygraph-viz:src/server.ts:buildApp,co:polygraph-viz:src/server.ts:buildApp:http-3,EMITS_CALLOUT,sig-build/inventory.mts
cs_2026.fetch_call:polygraph-viz:src/server.ts:buildApp:http-3,co:polygraph-viz:src/server.ts:buildApp:http-3,REALIZES_FORM,sig-build/inventory.mts
fn:polygraph-viz:src/server.ts:buildApp,co:polygraph-viz:src/server.ts:buildApp:http-4,EMITS_CALLOUT,sig-build/inventory.mts
cs_2026.fetch_call:polygraph-viz:src/server.ts:buildApp:http-4,co:polygraph-viz:src/server.ts:buildApp:http-4,REALIZES_FORM,sig-build/inventory.mts
fn:polygraph-viz:src/server.ts:buildApp,co:polygraph-viz:src/server.ts:buildApp:http-5,EMITS_CALLOUT,sig-build/inventory.mts
cs_2026.fetch_call:polygraph-viz:src/server.ts:buildApp:http-5,co:polygraph-viz:src/server.ts:buildApp:http-5,REALIZES_FORM,sig-build/inventory.mts
fn:polygraph-viz:src/server.ts:buildApp,af:polygraph-viz:src/server.ts:buildApp:guard,HAS_ALT_FLOW,sig-build/inventory.mts
cs_2026.early_return:polygraph-viz:src/server.ts:buildApp:guard,af:polygraph-viz:src/server.ts:buildApp:guard,REALIZES_FORM,sig-build/inventory.mts
fn:polygraph-viz:src/server.ts:buildApp,af:polygraph-viz:src/server.ts:buildApp:guard-2,HAS_ALT_FLOW,sig-build/inventory.mts
cs_2026.early_return:polygraph-viz:src/server.ts:buildApp:guard-2,af:polygraph-viz:src/server.ts:buildApp:guard-2,REALIZES_FORM,sig-build/inventory.mts
fn:polygraph-viz:src/server.ts:buildApp,af:polygraph-viz:src/server.ts:buildApp:guard-3,HAS_ALT_FLOW,sig-build/inventory.mts
cs_2026.early_return:polygraph-viz:src/server.ts:buildApp:guard-3,af:polygraph-viz:src/server.ts:buildApp:guard-3,REALIZES_FORM,sig-build/inventory.mts
fn:polygraph-viz:src/server.ts:buildApp,af:polygraph-viz:src/server.ts:buildApp:try,HAS_ALT_FLOW,sig-build/inventory.mts
cs_2026.try_catch:polygraph-viz:src/server.ts:buildApp:try,af:polygraph-viz:src/server.ts:buildApp:try,REALIZES_FORM,sig-build/inventory.mts
fn:polygraph-viz:src/server.ts:buildApp,co:polygraph-viz:src/server.ts:buildApp:sdk-3,EMITS_CALLOUT,sig-build/inventory.mts
cs_2026.sdk_call:polygraph-viz:src/server.ts:buildApp:sdk-3,co:polygraph-viz:src/server.ts:buildApp:sdk-3,REALIZES_FORM,sig-build/inventory.mts
fn:polygraph-viz:src/server.ts:buildApp,co:polygraph-viz:src/server.ts:buildApp:http-6,EMITS_CALLOUT,sig-build/inventory.mts
cs_2026.fetch_call:polygraph-viz:src/server.ts:buildApp:http-6,co:polygraph-viz:src/server.ts:buildApp:http-6,REALIZES_FORM,sig-build/inventory.mts
fn:polygraph-viz:src/server.ts:buildApp,af:polygraph-viz:src/server.ts:buildApp:guard-4,HAS_ALT_FLOW,sig-build/inventory.mts
cs_2026.early_return:polygraph-viz:src/server.ts:buildApp:guard-4,af:polygraph-viz:src/server.ts:buildApp:guard-4,REALIZES_FORM,sig-build/inventory.mts
fn:polygraph-viz:src/server.ts:buildApp,af:polygraph-viz:src/server.ts:buildApp:guard-5,HAS_ALT_FLOW,sig-build/inventory.mts
cs_2026.early_return:polygraph-viz:src/server.ts:buildApp:guard-5,af:polygraph-viz:src/server.ts:buildApp:guard-5,REALIZES_FORM,sig-build/inventory.mts
fn:polygraph-viz:src/server.ts:buildApp,af:polygraph-viz:src/server.ts:buildApp:guard-6,HAS_ALT_FLOW,sig-build/inventory.mts
cs_2026.early_return:polygraph-viz:src/server.ts:buildApp:guard-6,af:polygraph-viz:src/server.ts:buildApp:guard-6,REALIZES_FORM,sig-build/inventory.mts
fn:polygraph-viz:src/server.ts:buildApp,af:polygraph-viz:src/server.ts:buildApp:try-2,HAS_ALT_FLOW,sig-build/inventory.mts
cs_2026.try_catch:polygraph-viz:src/server.ts:buildApp:try-2,af:polygraph-viz:src/server.ts:buildApp:try-2,REALIZES_FORM,sig-build/inventory.mts
fn:polygraph-viz:src/server.ts:buildApp,co:polygraph-viz:src/server.ts:buildApp:sdk-4,EMITS_CALLOUT,sig-build/inventory.mts
cs_2026.sdk_call:polygraph-viz:src/server.ts:buildApp:sdk-4,co:polygraph-viz:src/server.ts:buildApp:sdk-4,REALIZES_FORM,sig-build/inventory.mts
fn:polygraph-viz:src/server.ts:buildApp,co:polygraph-viz:src/server.ts:buildApp:http-7,EMITS_CALLOUT,sig-build/inventory.mts
cs_2026.fetch_call:polygraph-viz:src/server.ts:buildApp:http-7,co:polygraph-viz:src/server.ts:buildApp:http-7,REALIZES_FORM,sig-build/inventory.mts
fn:polygraph-viz:src/server.ts:buildApp,af:polygraph-viz:src/server.ts:buildApp:guard-7,HAS_ALT_FLOW,sig-build/inventory.mts
cs_2026.early_return:polygraph-viz:src/server.ts:buildApp:guard-7,af:polygraph-viz:src/server.ts:buildApp:guard-7,REALIZES_FORM,sig-build/inventory.mts
fn:polygraph-viz:src/server.ts:buildApp,af:polygraph-viz:src/server.ts:buildApp:guard-8,HAS_ALT_FLOW,sig-build/inventory.mts
cs_2026.early_return:polygraph-viz:src/server.ts:buildApp:guard-8,af:polygraph-viz:src/server.ts:buildApp:guard-8,REALIZES_FORM,sig-build/inventory.mts
fn:polygraph-viz:src/server.ts:buildApp,af:polygraph-viz:src/server.ts:buildApp:guard-9,HAS_ALT_FLOW,sig-build/inventory.mts
cs_2026.early_return:polygraph-viz:src/server.ts:buildApp:guard-9,af:polygraph-viz:src/server.ts:buildApp:guard-9,REALIZES_FORM,sig-build/inventory.mts
fn:polygraph-viz:src/server.ts:buildApp,co:polygraph-viz:src/server.ts:buildApp:sdk-5,EMITS_CALLOUT,sig-build/inventory.mts
cs_2026.sdk_call:polygraph-viz:src/server.ts:buildApp:sdk-5,co:polygraph-viz:src/server.ts:buildApp:sdk-5,REALIZES_FORM,sig-build/inventory.mts
fn:polygraph-viz:src/server.ts:buildApp,af:polygraph-viz:src/server.ts:buildApp:try-3,HAS_ALT_FLOW,sig-build/inventory.mts
cs_2026.try_catch:polygraph-viz:src/server.ts:buildApp:try-3,af:polygraph-viz:src/server.ts:buildApp:try-3,REALIZES_FORM,sig-build/inventory.mts
fn:polygraph-viz:src/server.ts:buildApp,co:polygraph-viz:src/server.ts:buildApp:http-8,EMITS_CALLOUT,sig-build/inventory.mts
cs_2026.fetch_call:polygraph-viz:src/server.ts:buildApp:http-8,co:polygraph-viz:src/server.ts:buildApp:http-8,REALIZES_FORM,sig-build/inventory.mts
fn:polygraph-viz:src/server.ts:buildApp,af:polygraph-viz:src/server.ts:buildApp:guard-10,HAS_ALT_FLOW,sig-build/inventory.mts
cs_2026.early_return:polygraph-viz:src/server.ts:buildApp:guard-10,af:polygraph-viz:src/server.ts:buildApp:guard-10,REALIZES_FORM,sig-build/inventory.mts
fn:polygraph-viz:src/server.ts:buildApp,af:polygraph-viz:src/server.ts:buildApp:guard-11,HAS_ALT_FLOW,sig-build/inventory.mts
cs_2026.early_return:polygraph-viz:src/server.ts:buildApp:guard-11,af:polygraph-viz:src/server.ts:buildApp:guard-11,REALIZES_FORM,sig-build/inventory.mts
fn:polygraph-viz:src/server.ts:buildApp,af:polygraph-viz:src/server.ts:buildApp:guard-12,HAS_ALT_FLOW,sig-build/inventory.mts
cs_2026.early_return:polygraph-viz:src/server.ts:buildApp:guard-12,af:polygraph-viz:src/server.ts:buildApp:guard-12,REALIZES_FORM,sig-build/inventory.mts
fn:polygraph-viz:src/server.ts:buildApp,co:polygraph-viz:src/server.ts:buildApp:sdk-6,EMITS_CALLOUT,sig-build/inventory.mts
cs_2026.sdk_call:polygraph-viz:src/server.ts:buildApp:sdk-6,co:polygraph-viz:src/server.ts:buildApp:sdk-6,REALIZES_FORM,sig-build/inventory.mts
fn:polygraph-viz:src/server.ts:buildApp,co:polygraph-viz:src/server.ts:buildApp:http-9,EMITS_CALLOUT,sig-build/inventory.mts
cs_2026.fetch_call:polygraph-viz:src/server.ts:buildApp:http-9,co:polygraph-viz:src/server.ts:buildApp:http-9,REALIZES_FORM,sig-build/inventory.mts
fn:polygraph-viz:src/server.ts:buildApp,af:polygraph-viz:src/server.ts:buildApp:guard-13,HAS_ALT_FLOW,sig-build/inventory.mts
cs_2026.early_return:polygraph-viz:src/server.ts:buildApp:guard-13,af:polygraph-viz:src/server.ts:buildApp:guard-13,REALIZES_FORM,sig-build/inventory.mts
fn:polygraph-viz:src/server.ts:buildApp,af:polygraph-viz:src/server.ts:buildApp:guard-14,HAS_ALT_FLOW,sig-build/inventory.mts
cs_2026.early_return:polygraph-viz:src/server.ts:buildApp:guard-14,af:polygraph-viz:src/server.ts:buildApp:guard-14,REALIZES_FORM,sig-build/inventory.mts
fn:polygraph-viz:src/server.ts:buildApp,co:polygraph-viz:src/server.ts:buildApp:http-10,EMITS_CALLOUT,sig-build/inventory.mts
cs_2026.fetch_call:polygraph-viz:src/server.ts:buildApp:http-10,co:polygraph-viz:src/server.ts:buildApp:http-10,REALIZES_FORM,sig-build/inventory.mts
fn:polygraph-viz:src/server.ts:buildApp,af:polygraph-viz:src/server.ts:buildApp:guard-15,HAS_ALT_FLOW,sig-build/inventory.mts
cs_2026.early_return:polygraph-viz:src/server.ts:buildApp:guard-15,af:polygraph-viz:src/server.ts:buildApp:guard-15,REALIZES_FORM,sig-build/inventory.mts
fn:polygraph-viz:src/server.ts:buildApp,co:polygraph-viz:src/server.ts:buildApp:http-11,EMITS_CALLOUT,sig-build/inventory.mts
cs_2026.fetch_call:polygraph-viz:src/server.ts:buildApp:http-11,co:polygraph-viz:src/server.ts:buildApp:http-11,REALIZES_FORM,sig-build/inventory.mts
fn:polygraph-viz:src/server.ts:buildApp,af:polygraph-viz:src/server.ts:buildApp:guard-16,HAS_ALT_FLOW,sig-build/inventory.mts
cs_2026.early_return:polygraph-viz:src/server.ts:buildApp:guard-16,af:polygraph-viz:src/server.ts:buildApp:guard-16,REALIZES_FORM,sig-build/inventory.mts
fn:polygraph-viz:src/server.ts:buildApp,co:polygraph-viz:src/server.ts:buildApp:http-12,EMITS_CALLOUT,sig-build/inventory.mts
cs_2026.fetch_call:polygraph-viz:src/server.ts:buildApp:http-12,co:polygraph-viz:src/server.ts:buildApp:http-12,REALIZES_FORM,sig-build/inventory.mts
fn:polygraph-viz:src/server.ts:buildApp,co:polygraph-viz:src/server.ts:buildApp:http-13,EMITS_CALLOUT,sig-build/inventory.mts
cs_2026.fetch_call:polygraph-viz:src/server.ts:buildApp:http-13,co:polygraph-viz:src/server.ts:buildApp:http-13,REALIZES_FORM,sig-build/inventory.mts
fn:polygraph-viz:src/server.ts:buildApp,af:polygraph-viz:src/server.ts:buildApp:guard-17,HAS_ALT_FLOW,sig-build/inventory.mts
cs_2026.early_return:polygraph-viz:src/server.ts:buildApp:guard-17,af:polygraph-viz:src/server.ts:buildApp:guard-17,REALIZES_FORM,sig-build/inventory.mts
fn:polygraph-viz:src/server.ts:buildApp,co:polygraph-viz:src/server.ts:buildApp:fs,EMITS_CALLOUT,sig-build/inventory.mts
cs_2026.fs_call:polygraph-viz:src/server.ts:buildApp:fs,co:polygraph-viz:src/server.ts:buildApp:fs,REALIZES_FORM,sig-build/inventory.mts
fn:polygraph-viz:src/server.ts:buildApp,co:polygraph-viz:src/server.ts:buildApp:fs-2,EMITS_CALLOUT,sig-build/inventory.mts
cs_2026.fs_call:polygraph-viz:src/server.ts:buildApp:fs-2,co:polygraph-viz:src/server.ts:buildApp:fs-2,REALIZES_FORM,sig-build/inventory.mts
fn:polygraph-viz:src/server.ts:buildApp,co:polygraph-viz:src/server.ts:buildApp:http-14,EMITS_CALLOUT,sig-build/inventory.mts
cs_2026.fetch_call:polygraph-viz:src/server.ts:buildApp:http-14,co:polygraph-viz:src/server.ts:buildApp:http-14,REALIZES_FORM,sig-build/inventory.mts
fn:polygraph-viz:src/server.ts:buildApp,af:polygraph-viz:src/server.ts:buildApp:guard-18,HAS_ALT_FLOW,sig-build/inventory.mts
cs_2026.early_return:polygraph-viz:src/server.ts:buildApp:guard-18,af:polygraph-viz:src/server.ts:buildApp:guard-18,REALIZES_FORM,sig-build/inventory.mts
fn:polygraph-viz:src/server.ts:buildApp,co:polygraph-viz:src/server.ts:buildApp:fs-3,EMITS_CALLOUT,sig-build/inventory.mts
cs_2026.fs_call:polygraph-viz:src/server.ts:buildApp:fs-3,co:polygraph-viz:src/server.ts:buildApp:fs-3,REALIZES_FORM,sig-build/inventory.mts
fn:polygraph-viz:src/server.ts:buildApp,co:polygraph-viz:src/server.ts:buildApp:fs-4,EMITS_CALLOUT,sig-build/inventory.mts
cs_2026.fs_call:polygraph-viz:src/server.ts:buildApp:fs-4,co:polygraph-viz:src/server.ts:buildApp:fs-4,REALIZES_FORM,sig-build/inventory.mts
fn:polygraph-viz:src/server.ts:buildApp,co:polygraph-viz:src/server.ts:buildApp:fs-5,EMITS_CALLOUT,sig-build/inventory.mts
cs_2026.fs_call:polygraph-viz:src/server.ts:buildApp:fs-5,co:polygraph-viz:src/server.ts:buildApp:fs-5,REALIZES_FORM,sig-build/inventory.mts
file:polygraph-viz:src/types.ts,repo:polygraph-viz,LIVES_IN,sig-build/inventory.mts
cs_2026.file:polygraph-viz:src/types.ts,file:polygraph-viz:src/types.ts,REALIZES_FORM,sig-build/inventory.mts
file:solution-intelligence-graph-adapter:src/index.ts,repo:solution-intelligence-graph-adapter,LIVES_IN,sig-build/inventory.mts
cs_2026.file:solution-intelligence-graph-adapter:src/index.ts,file:solution-intelligence-graph-adapter:src/index.ts,REALIZES_FORM,sig-build/inventory.mts
file:solution-intelligence-parsers:src/index.ts,repo:solution-intelligence-parsers,LIVES_IN,sig-build/inventory.mts
cs_2026.file:solution-intelligence-parsers:src/index.ts,file:solution-intelligence-parsers:src/index.ts,REALIZES_FORM,sig-build/inventory.mts
file:solution-intelligence-analysts:src/index.ts,repo:solution-intelligence-analysts,LIVES_IN,sig-build/inventory.mts
cs_2026.file:solution-intelligence-analysts:src/index.ts,file:solution-intelligence-analysts:src/index.ts,REALIZES_FORM,sig-build/inventory.mts
